,Brand,Memory,Storage,Rating,Original Price,colour
0,OPPO,4,64,4.5,15990,black
1,OPPO,4,64,4.5,15990,cream
2,OPPO,6,128,4.3,17990,black
3,OPPO,6,128,4.3,17990,cream
4,OPPO,4,64,4.5,15990,black
5,OPPO,6,128,4.3,17990,black
6,OPPO,4,64,4.4,11990,blue
11,OPPO,4,64,4.4,11990,silver
12,OPPO,6,128,4.3,16990,blue
13,OPPO,6,128,4.3,16990,black
14,OPPO,4,64,4.4,11990,blue
15,OPPO,8,128,4.3,18990,blue
16,OPPO,8,128,4.3,18990,black
18,OPPO,4,64,4.3,12990,green
19,OPPO,4,64,4.3,11919,black
20,OPPO,6,128,4.3,18979,purple
22,OPPO,8,128,4.3,25990,black
23,OPPO,4,128,4.3,15990,gold
24,OPPO,4,64,4.3,14990,gold
25,OPPO,8,128,4.3,35990,aurora
26,OPPO,8,128,4.3,35990,black
27,OPPO,8,128,4.3,25990,blue
28,OPPO,4,64,4.3,14990,blue
29,OPPO,4,128,4.3,15990,blue
30,OPPO,6,128,4.3,17990,gold
31,OPPO,6,128,4.3,17990,blue
32,OPPO,4,64,4.3,14990,black
33,OPPO,8,128,4.3,25990,white
34,OPPO,4,64,4.3,12319,white
35,OPPO,8,128,4.3,21990,blue
36,OPPO,6,128,4.3,15999,blue
37,OPPO,4,64,4.24309764309762,13850,blue
39,OPPO,4,128,4.3,15990,black
40,OPPO,8,128,4.4,38990,blue
41,OPPO,4,64,4.24309764309762,15990,black
43,OPPO,6,128,4.2,20990,orange
45,OPPO,4,64,4.5,13499,white
46,OPPO,6,128,4.3,15999,white
47,OPPO,6,128,4.3,18380,black
48,OPPO,12,256,4.4,46990,black
49,OPPO,6,128,4.3,17990,black
50,OPPO,6,256,4.4,19990,white
51,OPPO,6,256,4.4,19990,green
52,OPPO,8,256,4.4,28989,black
53,OPPO,6,128,4.2,20990,blue
54,OPPO,4,64,4.3,13990,black
55,OPPO,4,64,4.3,13990,silver
56,OPPO,8,256,4.4,35990,blue
57,OPPO,8,128,4.3,23990,silver
58,OPPO,8,256,4.3,25990,purple
59,OPPO,8,128,4.3,29990,silver
60,OPPO,8,128,4.3,29990,black
61,OPPO,4,64,4.3,12989,white
62,OPPO,8,128,4.3,23990,black
63,OPPO,8,256,4.3,25990,silver
64,OPPO,8,256,4.3,25990,black
65,OPPO,8,128,4.3,23990,purple
66,OPPO,4,64,4.5,13499,blue
67,OPPO,6,128,4.2,20990,blue
69,OPPO,8,128,4.4,24989,blue
70,OPPO,4,64,4.4,18990,gold
72,OPPO,8,128,4.4,38990,black
73,OPPO,6,64,4.4,24990,red
75,OPPO,8,128,4.4,29999,black
76,OPPO,8,256,4.5,29489,black
77,OPPO,12,256,4.4,46990,aurora
78,OPPO,4,128,4.4,20990,white
79,OPPO,6,128,4.2,20990,black
80,OPPO,6,64,4.3,20990,black
81,OPPO,6,128,4.2,20999,silver
82,OPPO,4,128,4.4,20990,black
83,OPPO,8,128,4.4,25489,white
84,OPPO,8,128,4.4,24990,black
85,OPPO,4,128,4.3,18990,green
86,OPPO,8,256,4.6,60990,red
87,OPPO,8,128,4.4,37990,blue
88,OPPO,6,128,4.4,23990,green
89,OPPO,4,64,4.4,15990,blue
90,OPPO,8,128,4.4,37990,white
91,OPPO,8,128,4.4,37990,night
92,OPPO,6,128,4.2,20990,silver
93,OPPO,4,64,4.4,10990,black
94,OPPO,4,128,4.3,18990,purple
95,OPPO,8,128,4.4,28990,white
97,OPPO,4,64,4.3,17000,gold
98,OPPO,4,64,4.0,27500,gold
99,OPPO,4,64,4.4,15000,black
100,OPPO,4,64,4.3,15000,blue
101,OPPO,4,64,4.3,18000,gold
102,OPPO,4,128,4.4,20990,blue
103,OPPO,4,64,4.3,15000,purple
105,OPPO,6,64,4.3,24667,blue
106,OPPO,4,64,4.5,19000,black
107,OPPO,8,256,4.5,32990,white
109,OPPO,4,64,4.3,13990,red
110,OPPO,4,32,4.4,15500,black
111,OPPO,6,128,4.3,17999,black
112,OPPO,6,128,4.3,17999,white
116,OPPO,4,64,4.4,15726,gold
117,OPPO,4,64,4.3,18000,gold
120,OPPO,8,128,4.4,22990,black
121,OPPO,8,128,4.4,22990,blue
123,OPPO,6,128,4.3,13799,black
124,OPPO,6,128,4.3,13899,white
125,OPPO,8,128,4.3,21990,green
126,OPPO,4,128,4.3,18990,mint
127,OPPO,8,128,4.4,25889,green
128,OPPO,4,64,4.24309764309762,13490,black
131,OPPO,4,64,4.4,15677,green
133,OPPO,6,64,4.5,25000,red
135,OPPO,6,64,4.5,21150,blue
138,OPPO,6,64,4.5,21150,purple
143,OPPO,4,32,4.4,15000,blue
144,OPPO,4,32,4.4,15000,blue
145,OPPO,6,128,4.24309764309762,22990,gold
146,OPPO,6,128,4.24309764309762,22990,black
147,OPPO,4,32,4.4,13500,red
148,OPPO,4,64,4.4,15990,red
149,OPPO,6,128,4.3,19990,white
151,OPPO,8,128,4.3,22990,orange
152,OPPO,8,128,4.3,22990,silver
153,OPPO,4,128,4.3,13489,black
155,OPPO,4,128,4.4,17990,black
156,OPPO,4,128,4.24309764309762,18490,black
157,OPPO,8,256,4.4,35990,white
160,OPPO,8,128,4.3,20990,black
161,OPPO,8,128,4.3,20990,white
162,OPPO,4,128,4.4,17990,white
163,OPPO,4,64,4.4,15990,blue
164,OPPO,6,64,4.4,14990,black
165,OPPO,4,64,4.4,18990,blue
167,OPPO,4,64,4.3,13990,red
170,OPPO,4,64,4.3,16990,champagne
171,OPPO,4,32,4.4,19990,gold
172,OPPO,6,64,4.3,24990,black
175,OPPO,4,64,4.4,18990,blue
176,OPPO,6,64,4.3,20990,blue
177,OPPO,8,128,4.2,30994,black
178,OPPO,4,64,4.4,15990,black
179,OPPO,4,64,4.5,21990,purple
180,OPPO,4,64,4.3,20990,black
182,OPPO,4,128,4.4,16990,green
183,OPPO,4,128,4.4,16990,purple
184,OPPO,6,64,4.3,22990,black
185,OPPO,6,64,4.3,22990,gold
186,OPPO,4,64,4.3,30990,black
187,OPPO,4,64,4.4,22990,black
188,OPPO,8,128,4.3,21999,gold
189,OPPO,4,64,4.4,22990,black
190,OPPO,8,128,4.4,37990,night
191,OPPO,4,64,4.4,22990,black
192,OPPO,8,128,4.4,37990,night
193,OPPO,4,64,4.4,22990,black
194,OPPO,4,64,4.3,12990,gold
195,OPPO,6,128,4.5,29990,grey
196,OPPO,6,128,4.5,29990,green
198,OPPO,6,128,4.4,23990,purple
199,OPPO,4,128,4.4,21990,purple
200,OPPO,8,128,4.3,21990,mint
202,OPPO,6,64,4.5,28990,black
203,OPPO,6,64,4.5,28990,green
204,OPPO,8,128,4.2,29999,blue
205,OPPO,8,128,4.3,21990,purple
206,OPPO,4,128,4.3,13489,white
207,OPPO,4,128,4.3,13489,silver
211,OPPO,6,128,4.4,23990,white
212,OPPO,4,64,4.4,22990,black
213,OPPO,4,64,4.4,22990,red
214,OPPO,4,64,4.4,22990,silver
215,OPPO,8,256,4.6,60990,blue
217,OPPO,6,128,4.5,27990,red
219,OPPO,8,256,4.4,39990,black
220,OPPO,6,128,4.5,27990,black
222,OPPO,8,128,3.7,38999,purple
224,OPPO,6,128,4.24309764309762,31990,blue
225,OPPO,8,128,4.4,22990,white
226,OPPO,6,128,4.5,41990,black
227,OPPO,4,128,4.4,21990,green
228,OPPO,12,256,4.4,45990,gold
231,OPPO,4,64,4.0,24900,gold
233,OPPO,6,128,4.5,29990,black
234,OPPO,4,64,4.3,18990,grey
235,OPPO,4,64,4.3,18990,gold
236,OPPO,4,64,4.3,18990,gold
237,OPPO,6,128,4.5,41990,green
238,OPPO,8,256,4.4,55990,black
239,OPPO,8,256,4.4,55990,green
241,OPPO,8,256,4.4,39990,blue
243,OPPO,6,128,4.5,27990,purple
244,HTC,6,128,4.7,56990,silver
246,HTC,4,128,3.9,16999,blue
247,HTC,4,128,3.9,17999,blue
249,IQOO,8,128,4.4,37990,silver
250,IQOO,8,128,4.4,37990,black
251,IQOO,8,256,4.4,40990,silver
252,IQOO,8,256,4.4,40990,black
253,IQOO,12,256,4.4,46990,black
254,Google Pixel,6,128,4.5,31999,black
255,Google Pixel,4,64,4.5,44999,white
256,Google Pixel,4,64,4.5,69999,black
257,Google Pixel,4,64,4.5,44999,black
258,Google Pixel,4,64,4.5,71000,white
259,Google Pixel,4,64,4.5,71000,pink
260,Google Pixel,4,128,4.5,80000,pink
261,Google Pixel,4,64,4.6,83000,pink
262,Google Pixel,4,64,4.6,83000,black
263,Google Pixel,4,128,4.6,92000,white
264,Google Pixel,4,128,4.5,80000,black
265,Google Pixel,4,128,4.5,80000,white
266,Google Pixel,4,128,4.6,92000,black
267,Google Pixel,4,64,4.6,83000,white
268,Google Pixel,4,64,4.5,39999,white
269,Google Pixel,4,128,4.5,76000,silver
270,Google Pixel,4,128,4.6,82000,black
271,Google Pixel,4,64,4.6,61000,black
272,Google Pixel,4,128,4.6,92000,pink
273,Google Pixel,4,128,4.6,70000,white
274,Google Pixel,4,128,4.4,66000,black
275,Google Pixel,4,32,4.4,57000,silver
276,Google Pixel,4,128,4.6,70000,black
277,Google Pixel,4,64,4.5,39999,black
279,LG,6,128,4.4,55000,silver
282,LG,4,64,4.0,9999,blue
283,LG,4,128,4.1,10999,blue
285,LG,6,128,4.4,55000,black
286,LG,4,64,4.0,9999,blue
287,LG,4,64,3.8,14999,purple
288,LG,4,64,3.8,14500,blue
292,LG,4,64,3.8,13998,purple
294,LG,4,64,4.0,10499,blue
295,LG,4,64,4.0,24000,black
298,LG,4,64,3.8,12950,blue
299,LG,6,128,4.4,55000,platinum
303,LG,4,64,3.8,12790,green
304,LG,4,64,4.2,29199,silver
305,LG,6,128,4.4,70000,black
306,LG,6,128,4.4,60000,grey
309,LG,4,64,4.4,50000,black
310,LG,4,64,4.4,50000,platinum
312,LG,4,32,4.0,52990,silver
313,LG,4,64,3.9,19990,platinum
315,LG,6,128,4.2,29999,silver
316,LG,4,128,3.8,18000,blue
317,LG,4,64,4.0,16000,blue
318,LG,8,128,4.2,80000,gray
319,LG,6,128,3.7,20000,blue
320,LG,6,128,4.4,55000,black
327,LG,4,128,4.3,29999,silver
328,LG,4,128,4.3,29999,black
332,LG,4,64,4.2,55000,black
335,LG,8,128,4.2,80000,sky
336,LG,4,64,4.1,30990,titan
337,LG,6,128,4.4,55000,blue
346,LG,4,64,3.9,19990,black
349,LG,6,128,4.24309764309762,29999,black
350,LG,4,64,3.9,19990,blue
362,LG,4,64,4.2,31490,pink
364,LG,4,32,4.0,22999,titan
368,LG,4,64,4.2,49999,white
369,LG,4,64,4.2,29790,blue
370,LG,4,32,4.0,25999,gold
375,LG,4,64,3.2,20998,blue
376,LG,4,64,3.2,21001,violet
378,LG,4,64,3.2,18990,black
382,ASUS,8,128,4.3,55999,black
383,ASUS,12,128,4.4,57999,black
384,ASUS,4,64,4.3,15599,grey
386,ASUS,8,128,4.4,55999,black
388,ASUS,6,128,4.5,36299,blue
389,ASUS,4,64,4.3,15599,blue
390,ASUS,6,64,4.3,35999,black
391,ASUS,4,64,4.3,15599,black
393,ASUS,4,64,4.3,14999,black
394,ASUS,6,128,4.5,36299,silver
399,ASUS,4,64,4.3,14999,silver
403,ASUS,6,64,4.3,17999,grey
404,ASUS,6,128,4.3,38999,silver
406,ASUS,8,128,4.6,40999,black
409,ASUS,12,256,4.5,63999,black
415,ASUS,12,256,4.4,65999,black
425,ASUS,12,256,4.5,63999,white
426,ASUS,8,256,4.3,43999,silver
427,ASUS,8,256,4.5,43999,silver
428,ASUS,6,64,4.3,35999,silver
432,ASUS,6,64,4.3,17999,blue
439,ASUS,8,128,4.3,55999,white
440,ASUS,4,64,4.0,9599,black
443,ASUS,8,128,4.3,83999,black
447,ASUS,8,256,4.3,43999,black
448,ASUS,6,64,4.3,17999,black
449,ASUS,4,64,4.3,15599,blue
459,ASUS,4,64,4.3,14999,blue
461,ASUS,6,64,4.3,19999,titanium
462,ASUS,8,256,4.3,43999,black
464,ASUS,8,256,4.5,43999,blue
465,ASUS,6,128,4.3,38999,black
469,ASUS,4,64,4.3,17999,blue
471,ASUS,12,512,4.6,62999,black
474,ASUS,6,64,4.5,32999,blue
476,ASUS,6,64,4.3,19999,blue
479,ASUS,4,64,4.3,17999,titanium
482,ASUS,4,64,3.6,37999,white
483,ASUS,4,128,3.6,37999,black
495,realme,4,64,4.2,9999,blue
498,realme,4,64,4.4,15999,blue
499,realme,4,64,4.4,15999,silver
502,realme,4,64,4.4,10999,black
503,realme,4,64,4.4,10999,blue
504,realme,4,64,4.2,9999,grey
505,realme,4,64,4.24309764309762,15999,purple
506,realme,6,128,4.24309764309762,17999,purple
507,realme,4,64,4.24309764309762,15999,black
508,realme,4,128,4.4,11999,grey
509,realme,4,64,4.4,10999,grey
510,realme,4,128,4.4,11999,blue
511,realme,4,64,4.4,10999,blue
512,realme,6,128,4.5,20999,blue
513,realme,6,128,4.24309764309762,17999,black
514,realme,4,128,4.24309764309762,13999,grey
515,realme,4,128,4.24309764309762,13999,blue
516,realme,8,128,4.24309764309762,22999,blue
517,realme,8,128,4.24309764309762,22999,purple
518,realme,6,128,4.5,20999,purple
519,realme,4,64,4.4,10999,black
520,realme,4,64,4.4,10999,blue
523,realme,6,128,4.3,17999,blue
524,realme,6,128,4.3,17999,silver
525,realme,6,64,4.3,15999,silver
526,realme,6,64,4.3,15999,blue
527,realme,4,64,4.3,14999,blue
528,realme,4,64,4.3,14999,silver
530,realme,6,128,4.3,16999,blue
531,realme,6,128,4.3,16999,silver
532,realme,4,128,4.3,16999,black
533,realme,4,64,4.3,15999,blue
534,realme,4,64,4.3,15999,black
535,realme,8,128,4.4,21999,black
536,realme,8,128,4.3,18999,blue
537,realme,8,128,4.3,18999,black
538,realme,4,128,4.3,16999,blue
540,realme,6,128,4.3,19999,black
541,realme,8,128,4.4,21999,blue
542,realme,6,128,4.3,17999,silver
543,realme,6,128,4.3,17999,black
544,realme,8,128,4.3,18999,black
545,realme,4,128,4.3,16999,black
546,realme,8,128,4.3,18999,silver
551,realme,6,64,4.3,17999,blue
552,realme,8,128,4.3,23999,nebula
553,realme,6,128,4.3,21999,silver
554,realme,8,128,4.3,23999,silver
555,realme,6,128,4.3,21999,nebula
556,realme,6,64,4.3,18999,black
557,realme,6,64,4.3,18999,silver
560,realme,4,64,4.4,12999,blue
561,realme,4,64,4.4,12999,silver
562,realme,8,128,4.3,21999,silver
563,realme,8,128,4.3,21999,black
564,realme,4,64,4.4,10999,blue
565,realme,8,128,4.5,16999,white
566,realme,4,64,4.3,13999,green
586,realme,4,32,4.4,13999,blue
587,realme,4,64,4.4,12999,green
588,realme,4,64,4.4,12999,blue
593,realme,4,128,4.4,13999,green
607,realme,4,128,4.3,14999,green
608,realme,6,64,4.5,15999,blue
609,realme,4,64,4.4,10999,red
610,realme,8,128,4.3,29999,blue
611,realme,12,256,4.3,47999,red
612,realme,6,128,4.4,26999,white
613,realme,8,128,4.3,40999,blue
614,realme,8,128,4.3,41999,red
615,realme,12,256,4.3,47999,green
616,realme,8,128,4.3,41999,green
617,realme,8,128,4.5,17999,blue
618,realme,4,64,4.5,14999,green
619,realme,8,256,4.3,31999,blue
621,realme,12,256,4.3,43999,yellow
622,realme,6,64,4.4,17999,blue
623,realme,8,128,4.4,27999,white
625,realme,8,128,4.4,17999,blue
626,realme,8,256,4.3,31999,white
627,realme,12,256,4.2,34999,white
628,realme,12,256,4.2,34999,blue
629,realme,8,128,4.3,32999,black
631,realme,8,256,4.3,31999,white
632,realme,12,256,4.2,34999,white
633,realme,12,256,4.2,34999,blue
634,realme,6,128,4.1,26999,black
635,realme,6,64,4.4,15999,black
636,realme,6,64,4.4,17999,white
637,realme,6,128,4.3,14990,black
639,realme,4,64,4.4,14999,white
640,realme,4,64,4.5,17999,white
642,realme,4,64,4.5,10999,blue
643,realme,4,64,4.4,14990,black
644,realme,6,128,4.3,14990,silver
647,realme,4,128,4.5,17999,blue
650,realme,4,128,4.3,13999,blue
651,realme,4,64,4.3,12999,green
652,realme,4,64,4.3,12999,blue
655,realme,8,128,4.5,20999,green
656,realme,8,128,4.5,20999,blue
657,realme,4,128,4.3,13999,green
660,realme,4,64,4.3,10999,blue
661,realme,4,64,4.3,10999,black
663,realme,4,64,4.4,12999,silver
664,realme,4,64,4.4,12999,blue
665,realme,6,128,4.3,19999,blue
666,realme,4,128,4.3,16999,silver
668,realme,8,128,4.4,21999,yellow
669,realme,6,128,4.3,19999,yellow
670,realme,4,64,4.4,10999,grey
671,realme,4,64,4.4,10999,blue
672,realme,4,64,4.4,9999,grey
674,realme,4,64,4.4,10999,blue
676,realme,4,128,4.4,11999,blue
677,realme,4,128,4.4,11999,grey
678,realme,6,64,4.5,15999,green
679,realme,4,64,4.4,10999,silver
680,realme,4,64,4.3,13999,blue
681,realme,8,128,4.3,20999,white
682,realme,6,64,4.5,15999,white
683,realme,4,64,4.4,10999,black
685,realme,8,128,4.5,17999,green
686,realme,4,64,4.4,10999,blue
687,realme,6,64,4.3,17999,white
688,realme,6,128,4.4,20999,leather
689,realme,8,128,4.3,18999,ninja
690,realme,6,64,4.3,16999,knight
691,realme,8,128,4.3,18999,knight
692,realme,4,128,4.3,14999,blue
693,realme,8,128,4.3,29999,white
695,realme,4,64,4.3,12999,silver
696,realme,4,64,4.3,12999,blue
697,realme,4,64,4.4,11999,silver
698,realme,4,128,4.3,13999,silver
699,realme,4,64,4.5,10999,white
700,realme,4,128,4.5,12999,green
701,realme,4,128,4.5,12999,white
702,realme,4,128,4.3,13999,blue
703,realme,4,64,4.4,11999,blue
706,realme,8,128,4.4,19999,red
708,realme,6,128,4.4,16999,white
710,realme,4,128,4.5,12999,blue
711,realme,4,64,4.4,14999,blue
714,realme,8,128,4.4,17999,white
715,realme,8,128,4.5,31999,white
716,realme,4,64,4.4,14999,white
717,realme,4,64,4.4,15499,blue
718,realme,6,64,4.4,17999,blue
719,realme,6,128,4.3,12799,red
720,realme,4,64,4.4,15499,gold
721,realme,4,128,4.5,12999,blue
722,realme,4,64,4.4,10999,red
723,realme,8,128,4.4,27999,blue
725,realme,4,64,4.4,11990,blue
726,realme,4,64,4.4,9490,red
727,realme,6,64,4.4,17999,red
728,realme,4,64,4.5,17999,green
729,realme,4,64,4.5,17999,blue
730,realme,8,128,4.4,19999,blue
734,realme,4,64,4.5,10999,green
735,realme,6,128,4.5,19999,blue
736,realme,6,128,4.4,18999,red
737,realme,6,128,4.4,18999,orange
738,realme,8,128,4.5,20999,white
739,realme,8,128,4.4,19499,orange
740,realme,4,64,4.4,14999,black
741,realme,6,128,4.4,18999,blue
743,realme,6,128,4.4,26999,blue
744,realme,8,256,4.5,24999,white
745,realme,6,128,4.5,19999,white
746,realme,8,128,4.5,20999,blue
747,realme,6,128,4.5,19999,green
748,realme,8,256,4.5,24999,blue
749,realme,4,128,4.5,11999,green
750,realme,12,256,4.6,36999,brick
751,realme,12,256,4.6,36999,concrete
752,realme,4,128,4.5,11999,blue
753,realme,4,64,4.4,12999,black
755,realme,4,64,4.4,12999,black
757,realme,4,64,4.4,12999,red
758,realme,4,64,4.4,12999,blue
760,realme,4,64,4.5,10999,blue
761,realme,8,128,4.5,20999,garlic
762,realme,8,128,4.5,20999,onion
763,realme,4,128,4.5,17999,white
764,realme,12,256,4.6,35999,white
765,realme,12,256,4.6,35999,blue
766,realme,8,128,4.5,31999,blue
767,realme,4,64,4.3,9999,green
768,realme,4,64,4.3,9999,black
769,realme,4,64,4.4,11990,black
771,realme,8,256,4.5,24999,green
772,realme,4,64,4.4,12990,silver
775,realme,6,64,4.4,15999,white
776,realme,8,128,4.5,21999,white
777,realme,8,128,4.5,20999,onion
778,realme,8,128,4.5,20999,white
788,GIONEE,4,64,4.0,21499,grey
789,GIONEE,4,32,4.0,8750,blue
790,GIONEE,4,32,4.0,8690,black
797,GIONEE,8,16,4.0,2199,black
798,GIONEE,8,16,4.0,2199,black
801,GIONEE,8,16,3.9,1890,black
811,GIONEE,8,16,3.9,1099,black
814,GIONEE,8,16,3.7,1999,black
819,GIONEE,4,32,4.0,15490,gold
826,GIONEE,4,64,4.1,16499,black
827,GIONEE,4,64,4.1,10499,gold
847,GIONEE,4,64,4.1,15399,gold
848,GIONEE,4,32,3.9,6399,gold
856,GIONEE,4,64,4.1,7899,black
859,GIONEE,4,64,4.1,9250,blue
862,GIONEE,4,64,4.1,10499,gold
864,GIONEE,4,64,4.0,8999,gold
865,GIONEE,4,64,4.0,7899,black
866,GIONEE,6,64,2.7,9290,gold
870,GIONEE,4,64,3.6,7997,gold
872,GIONEE,4,64,2.8,8549,blue
873,GIONEE,4,64,2.8,8389,gold
875,GIONEE,4,32,3.6,8000,gold
885,GIONEE,6,64,2.7,9974,blue
887,GIONEE,4,64,4.1,7999,blue
926,Nokia,8,16,4.1,3445,black
929,Nokia,4,64,3.9,13999,fjord
937,Nokia,4,64,4.24309764309762,13549,blue
938,Nokia,6,64,3.9,14499,night
945,Nokia,4,64,4.24309764309762,12149,blue
946,Nokia,4,64,4.24309764309762,12149,purple
949,Nokia,8,16,4.2,3740,black
951,Nokia,4,64,3.9,13999,dusk
953,Nokia,4,64,3.9,13999,charcoal
960,Nokia,6,64,3.9,18499,dusk
963,Nokia,6,128,3.8,56299,blue
964,Nokia,4,64,3.9,16799,dusk
965,Nokia,4,64,3.9,16799,night
972,Nokia,8,32,4.1,2200,black
976,Nokia,4,16,4.2,1900,black
979,Nokia,4,64,4.24309764309762,14490,night
989,Nokia,4,16,4.2,1860,black
999,Nokia,4,64,4.0,18300,gold
1025,Nokia,8,32,4.0,3499,black
1035,Nokia,4,32,4.0,19999,copper
1036,Nokia,4,32,4.0,17000,white
1040,Nokia,6,128,4.3,29990,black
1044,Nokia,4,32,4.0,9500,gold
1045,Nokia,6,64,3.7,12999,sand
1046,Nokia,6,64,3.7,12999,cyan
1050,Nokia,6,64,4.1,16999,blue
1052,Nokia,4,64,4.3,28831,blue
1053,Nokia,4,64,4.1,19999,charcoal
1054,Nokia,6,64,4.1,20999,charcoal
1056,Nokia,6,64,4.1,20999,green
1057,Nokia,6,64,4.1,20999,ice
1058,Nokia,4,64,4.1,19999,ice
1059,Nokia,4,64,4.1,19999,green
1063,Nokia,4,64,3.5,10999,charcoal
1064,Nokia,4,64,4.1,11199,blue
1069,Nokia,6,128,4.3,35999,blue
1072,Nokia,4,64,4.3,18599,white
1075,Nokia,4,64,3.5,11989,cyan
1077,Nokia,4,64,4.1,15999,black
1080,Nokia,4,64,4.3,15999,copper
1081,Nokia,4,64,3.9,19499,black
1082,Nokia,6,64,4.1,17999,black
1083,Nokia,6,64,3.7,12999,charcoal
1086,Nokia,4,64,4.1,15999,blue
1087,Nokia,4,64,4.2,13790,ice
1089,Nokia,4,64,4.1,12998,steel
1090,Nokia,4,64,4.0,36999,steel
1091,Nokia,4,64,4.0,39000,copper
1096,Nokia,4,64,4.3,18599,blue
1099,Nokia,6,64,3.7,14999,black
1100,Nokia,4,64,4.0,16990,white
1101,Nokia,4,64,4.0,36999,blue
1102,Nokia,4,64,4.0,36999,blue
1105,Nokia,4,64,4.2,18999,black
1107,Nokia,4,64,3.5,10999,sand
1109,Nokia,6,128,4.3,31999,iron
1111,Nokia,4,64,4.0,29490,blue
1112,Nokia,8,16,4.24309764309762,4189,black
1113,Nokia,8,16,4.24309764309762,4189,black
1114,Nokia,8,16,4.24309764309762,4189,black
1115,Nokia,8,16,4.24309764309762,4189,black
1117,Nokia,6,64,3.7,15990,blue
1119,Nokia,4,64,4.3,26028,copper
1124,Apple,4,128,4.5,64900,green
1126,Apple,4,128,4.5,64900,blue
1127,Apple,6,256,4.24309764309762,129900,blue
1131,Apple,4,64,4.6,49900,yellow
1132,Apple,4,128,4.6,70900,blue
1134,Apple,4,256,4.6,80900,white
1135,Apple,4,128,4.6,70900,red
1136,Apple,4,64,4.6,65900,white
1137,Apple,4,64,4.5,59900,white
1138,Apple,4,128,4.5,64900,purple
1139,Apple,4,256,4.6,80900,black
1141,Apple,4,128,4.6,70900,green
1142,Apple,4,128,4.5,64900,black
1143,Apple,4,64,4.5,59900,red
1144,Apple,4,64,4.5,59900,black
1145,Apple,4,256,4.24309764309762,89900,pink
1147,Apple,4,128,4.6,54900,yellow
1148,Apple,4,128,4.5,64900,red
1149,Apple,4,64,4.5,59900,green
1150,Apple,4,128,4.6,54900,red
1152,Apple,4,64,4.5,59900,purple
1154,Apple,4,256,4.24309764309762,79900,starlight
1155,Apple,4,64,4.6,49900,white
1156,Apple,4,64,4.6,49900,green
1157,Apple,4,128,4.6,70900,black
1158,Apple,4,64,4.6,49900,purple
1159,Apple,4,64,4.6,65900,blue
1160,Apple,4,128,4.6,70900,white
1161,Apple,4,256,4.5,84900,blue
1164,Apple,4,256,4.24309764309762,89900,red
1168,Apple,4,256,4.6,80900,blue
1169,Apple,4,64,4.6,65900,red
1170,Apple,4,256,4.5,74900,red
1171,Apple,4,128,4.6,54900,white
1172,Apple,4,64,4.5,59900,blue
1173,Apple,4,128,4.24309764309762,69900,midnight
1174,Apple,4,64,4.6,65900,green
1176,Apple,4,128,4.5,64900,white
1177,Apple,4,256,4.6,80900,green
1179,Apple,6,256,4.6,119900,blue
1180,Apple,4,256,4.5,74900,white
1181,Apple,4,64,4.6,65900,black
1182,Apple,4,256,4.5,74900,purple
1183,Apple,4,64,4.7,117100,green
1184,Apple,4,512,4.24309764309762,109900,blue
1186,Apple,6,128,4.6,109900,gold
1187,Apple,6,512,4.6,139900,gold
1188,Apple,4,256,4.5,74900,green
1189,Apple,4,256,4.24309764309762,79900,pink
1191,Apple,4,128,4.24309764309762,79900,red
1192,Apple,4,64,4.7,117100,gold
1193,Apple,4,256,4.5,74900,black
1195,Apple,6,128,4.6,109900,silver
1196,Apple,6,128,4.6,109900,graphite
1197,Apple,4,512,4.24309764309762,109900,midnight
1198,Apple,4,512,4.24309764309762,109900,starlight
1200,Apple,6,256,4.6,119900,gold
1201,Apple,6,512,4.6,139900,silver
1202,Apple,4,128,4.6,54900,green
1203,Apple,4,64,4.7,117100,grey
1204,Apple,4,512,4.24309764309762,109900,red
1205,Apple,4,512,4.6,140300,green
1208,Apple,4,128,4.24309764309762,69900,pink
1209,Apple,4,64,4.6,49900,black
1211,Apple,4,256,4.24309764309762,79900,midnight
1212,Apple,4,256,4.24309764309762,79900,red
1213,Apple,4,128,4.24309764309762,69900,red
1215,Apple,4,512,4.7,134900,gold
1220,Apple,4,256,4.6,94900,red
1221,Apple,6,256,4.6,119900,graphite
1222,Apple,6,256,4.24309764309762,139900,graphite
1223,Apple,6,128,4.24309764309762,129900,blue
1225,Apple,4,256,4.24309764309762,79900,blue
1229,Apple,4,512,4.7,134900,grey
1231,Apple,6,256,4.24309764309762,139900,silver
1232,Apple,6,256,4.6,119900,silver
1235,Apple,6,512,4.6,139900,graphite
1237,Apple,6,128,4.6,109900,blue
1238,Apple,6,128,4.24309764309762,129900,gold
1240,Apple,4,512,4.6,140300,grey
1242,Apple,4,256,4.7,131900,gold
1245,Apple,4,512,4.6,140300,gold
1248,Apple,4,256,4.6,106600,silver
1249,Apple,4,64,4.6,54900,white
1251,Apple,4,512,4.6,144900,silver
1254,Apple,4,256,4.6,106600,gold
1256,Apple,4,256,4.6,106600,green
1257,Apple,4,512,4.6,140300,silver
1259,Apple,4,256,4.7,103900,grey
1260,Apple,4,64,4.7,89900,grey
1261,Apple,4,256,4.6,106600,grey
1266,Apple,4,256,4.6,121300,silver
1270,Apple,6,512,4.24309764309762,99900,pink
1273,Apple,4,256,4.7,103900,silver
1276,Apple,4,256,4.6,121300,green
1279,Apple,4,256,4.7,131900,green
1282,Apple,4,64,4.6,49900,red
1283,Apple,6,256,4.24309764309762,129900,silver
1284,Apple,4,64,4.6,49900,red
1285,Apple,6,512,4.24309764309762,149900,blue
1287,Apple,4,128,4.6,54900,black
1288,Apple,4,256,4.6,64900,yellow
1290,Apple,4,64,4.6,79900,purple
1294,Apple,6,128,4.24309764309762,119900,gold
1295,Apple,4,64,4.6,49900,green
1299,Apple,4,256,4.6,64900,white
1300,Apple,4,256,4.6,64900,purple
1301,Apple,4,256,4.6,64900,black
1302,Apple,6,128,4.24309764309762,119900,silver
1304,Apple,4,256,4.6,64900,yellow
1305,Apple,4,128,4.6,84900,purple
1306,Apple,4,128,4.6,54900,purple
1308,Apple,6,128,4.24309764309762,129900,graphite
1309,Apple,4,256,4.6,64900,red
1311,Apple,4,128,4.6,54900,green
1312,Apple,4,256,4.6,64900,black
1313,Apple,4,256,4.7,131900,silver
1314,Apple,6,512,4.24309764309762,159900,gold
1315,Apple,4,512,4.24309764309762,109900,pink
1318,Apple,4,256,4.6,64900,purple
1320,Apple,4,128,4.6,54900,yellow
1321,Apple,4,256,4.6,64900,red
1322,Apple,4,256,4.7,131900,grey
1323,Apple,4,64,4.6,109900,grey
1326,Apple,4,128,4.6,54900,red
1328,Apple,4,256,4.6,80900,purple
1329,Apple,4,64,4.6,49900,purple
1331,Apple,4,64,4.7,117100,silver
1332,Apple,6,512,4.24309764309762,99900,blue
1333,Apple,4,256,4.6,64900,green
1334,Apple,4,256,4.6,64900,white
1336,Apple,4,512,4.6,140300,grey
1337,Apple,6,128,4.24309764309762,129900,silver
1338,Apple,4,256,4.7,131900,gold
1341,Apple,4,512,4.6,140300,gold
1342,Apple,6,256,4.24309764309762,139900,blue
1344,Apple,4,64,4.6,106600,silver
1345,Apple,4,128,4.6,54900,white
1347,Apple,4,512,4.6,144900,silver
1350,Apple,4,64,4.6,106600,gold
1352,Apple,4,64,4.6,106600,green
1353,Apple,4,512,4.6,140300,silver
1355,Apple,4,256,4.7,103900,grey
1356,Apple,4,64,4.7,89900,grey
1357,Apple,4,64,4.6,106600,grey
1362,Apple,4,256,4.6,121300,silver
1366,Apple,6,512,4.24309764309762,99900,pink
1369,Apple,4,256,4.7,103900,silver
1372,Apple,4,256,4.6,121300,green
1375,Apple,4,256,4.7,131900,green
1384,Apple,4,512,4.7,150800,green
1390,Apple,4,128,4.6,54900,purple
1392,Apple,4,512,4.7,150800,grey
1398,Apple,6,512,4.24309764309762,149900,silver
1403,Apple,6,512,4.24309764309762,159900,silver
1404,Apple,4,512,4.7,150800,silver
1405,Apple,6,512,4.24309764309762,159900,blue
1406,Apple,6,512,4.24309764309762,149900,gold
1410,Apple,6,512,4.24309764309762,159900,graphite
1412,Apple,4,512,4.6,144900,gold
1416,Apple,4,512,4.7,134900,silver
1419,Apple,6,512,4.24309764309762,99900,midnight
1429,Apple,4,64,4.6,109900,gold
1430,Apple,6,512,4.24309764309762,99900,red
1431,Apple,4,64,4.6,109900,silver
1434,Apple,4,256,4.7,103900,gold
1436,Apple,4,64,4.7,89900,silver
1443,Apple,4,256,4.6,121300,gold
1445,Apple,6,512,4.24309764309762,99900,starlight
1447,Apple,4,64,4.7,89900,gold
1448,Apple,4,64,4.7,89900,gold
1449,Apple,6,512,4.24309764309762,149900,graphite
1450,Apple,4,256,4.6,124900,silver
1452,Apple,4,256,4.6,121300,grey
1455,Apple,4,256,4.6,124900,gold
1456,Apple,4,512,4.6,144900,grey
1461,Apple,4,256,4.6,124900,grey
1467,Apple,4,64,4.6,49900,black
1471,Apple,4,64,4.6,49900,yellow
1475,Apple,4,128,4.6,54900,black
1477,Apple,4,256,4.6,64900,green
1484,SAMSUNG,6,128,4.3,16999,blue
1485,SAMSUNG,4,64,4.3,14999,blue
1486,SAMSUNG,6,128,4.3,16999,black
1487,SAMSUNG,4,64,4.3,14999,black
1488,SAMSUNG,4,64,4.2,12999,blue
1489,SAMSUNG,4,64,4.2,12999,green
1490,SAMSUNG,8,128,4.3,20949,blue
1492,SAMSUNG,4,64,4.2,12999,black
1495,SAMSUNG,4,64,4.2,15999,blue
1496,SAMSUNG,6,128,4.3,20499,black
1497,SAMSUNG,4,128,4.2,13999,blue
1498,SAMSUNG,6,128,4.3,20969,mint
1499,SAMSUNG,4,64,4.2,11510,blue
1500,SAMSUNG,6,128,4.3,17999,blue
1502,SAMSUNG,4,64,4.2,11989,black
1504,SAMSUNG,4,64,4.2,12144,blue
1505,SAMSUNG,4,128,4.2,13999,green
1506,SAMSUNG,4,64,4.0,13899,blue
1507,SAMSUNG,4,128,4.2,13999,black
1508,SAMSUNG,8,128,4.2,23696,mint
1509,SAMSUNG,6,64,4.2,16900,blue
1510,SAMSUNG,8,128,4.3,20999,black
1511,SAMSUNG,4,64,4.2,15999,white
1512,SAMSUNG,6,128,4.24309764309762,23999,blue
1514,SAMSUNG,6,128,3.9,14999,blue
1517,SAMSUNG,6,64,4.3,16299,black
1518,SAMSUNG,6,128,4.2,18999,black
1519,SAMSUNG,8,128,4.2,23999,grey
1520,SAMSUNG,8,256,4.3,99999,cream
1522,SAMSUNG,4,64,4.2,14499,black
1524,SAMSUNG,8,128,4.3,41999,black
1525,SAMSUNG,6,128,4.3,19725,black
1526,SAMSUNG,8,128,4.3,18950,blue
1527,SAMSUNG,4,64,4.2,14690,blue
1528,SAMSUNG,8,128,4.3,29999,blue
1529,SAMSUNG,6,128,3.9,14999,white
1530,SAMSUNG,8,128,4.3,95999,cream
1531,SAMSUNG,4,64,4.2,15980,black
1532,SAMSUNG,6,128,4.2,14999,white
1533,SAMSUNG,8,128,4.3,95999,black
1534,SAMSUNG,6,128,4.3,22498,grey
1535,SAMSUNG,6,128,4.2,29999,grey
1536,SAMSUNG,6,128,3.9,17480,black
1537,SAMSUNG,8,128,4.5,40999,white
1538,SAMSUNG,6,128,4.3,19499,black
1539,SAMSUNG,4,64,4.24309764309762,13990,blue
1540,SAMSUNG,4,64,4.3,11300,black
1541,SAMSUNG,6,128,4.24309764309762,23999,black
1542,SAMSUNG,8,128,4.5,40999,black
1543,SAMSUNG,6,128,4.2,29999,blue
1545,SAMSUNG,6,128,4.2,18999,silver
1546,SAMSUNG,6,128,4.2,18999,blue
1547,SAMSUNG,8,512,4.5,49999,black
1548,SAMSUNG,6,64,4.3,19999,green
1549,SAMSUNG,6,128,4.2,29999,green
1550,SAMSUNG,6,128,3.9,17999,black
1551,SAMSUNG,6,128,4.3,30499,black
1552,SAMSUNG,6,128,3.9,14999,black
1554,SAMSUNG,6,128,4.3,20499,mint
1555,SAMSUNG,6,128,4.1,21700,blue
1556,SAMSUNG,6,128,4.3,30499,black
1557,SAMSUNG,6,128,4.1,21700,blue
1558,SAMSUNG,6,128,3.9,14999,black
1559,SAMSUNG,6,128,4.3,20499,mint
1560,SAMSUNG,8,128,4.24309764309762,56990,navy
1561,SAMSUNG,6,128,4.3,19900,blue
1563,SAMSUNG,4,64,4.2,11499,black
1564,SAMSUNG,6,64,4.2,15380,black
1565,SAMSUNG,4,64,4.2,14499,blue
1566,SAMSUNG,8,512,4.6,92000,white
1567,SAMSUNG,4,64,4.2,17999,black
1568,SAMSUNG,6,64,4.3,17500,blue
1569,SAMSUNG,6,128,3.9,17999,white
1570,SAMSUNG,4,64,4.3,11699,violet
1572,SAMSUNG,6,128,3.9,16489,white
1573,SAMSUNG,8,128,4.5,40999,violet
1574,SAMSUNG,6,128,4.3,24990,black
1575,SAMSUNG,8,128,4.3,19990,black
1576,SAMSUNG,4,64,4.2,17999,blue
1577,SAMSUNG,8,256,4.3,86000,bronze
1579,SAMSUNG,8,128,4.4,31999,blue
1580,SAMSUNG,6,128,3.9,15271,blue
1581,SAMSUNG,6,128,4.3,39990,black
1583,SAMSUNG,8,128,4.4,34999,silver
1585,SAMSUNG,4,64,4.2,12490,black
1588,SAMSUNG,8,128,4.3,33100,red
1590,SAMSUNG,4,64,4.2,15999,black
1595,SAMSUNG,4,64,4.2,12900,white
1596,SAMSUNG,12,512,4.4,179999,black
1597,SAMSUNG,8,128,4.3,21950,blue
1598,SAMSUNG,6,128,4.3,17989,blue
1599,SAMSUNG,6,128,4.3,21995,violet
1600,SAMSUNG,8,128,4.2,22450,violet
1601,SAMSUNG,8,128,4.24309764309762,24999,black
1603,SAMSUNG,4,64,4.1,10398,blue
1606,SAMSUNG,4,64,4.2,12900,white
1607,SAMSUNG,12,512,4.4,179999,black
1608,SAMSUNG,4,64,4.2,15499,blue
1614,SAMSUNG,4,128,4.3,24900,violet
1616,SAMSUNG,6,64,4.5,70000,black
1619,SAMSUNG,4,64,4.2,15490,black
1620,SAMSUNG,4,64,4.3,14999,gold
1621,SAMSUNG,6,128,4.3,17888,black
1622,SAMSUNG,4,64,4.4,25600,blue
1624,SAMSUNG,6,128,4.2,15499,black
1625,SAMSUNG,6,128,4.3,38999,black
1627,SAMSUNG,6,128,4.3,30900,black
1628,SAMSUNG,6,128,4.3,19499,black
1629,SAMSUNG,8,256,4.3,79997,blue
1630,SAMSUNG,4,64,4.2,14499,white
1631,SAMSUNG,4,128,4.3,24900,black
1632,SAMSUNG,6,64,4.2,19999,white
1634,SAMSUNG,6,128,4.3,18999,black
1635,SAMSUNG,4,64,4.2,17999,white
1636,SAMSUNG,6,128,4.3,27810,blue
1637,SAMSUNG,4,64,4.3,12800,blue
1639,SAMSUNG,6,128,4.2,15663,black
1642,SAMSUNG,4,64,4.2,13999,white
1643,SAMSUNG,12,256,4.4,171999,black
1645,SAMSUNG,4,64,4.4,25999,gold
1649,SAMSUNG,12,256,4.5,116000,bronze
1652,SAMSUNG,4,64,4.3,14900,black
1654,SAMSUNG,8,256,4.3,86000,green
1655,SAMSUNG,8,128,4.0,65999,navy
1656,SAMSUNG,4,128,4.3,18199,black
1657,SAMSUNG,8,128,4.0,65999,white
1658,SAMSUNG,4,64,4.4,25379,blue
1661,SAMSUNG,4,64,4.5,14990,gold
1662,SAMSUNG,8,128,4.3,33100,white
1667,SAMSUNG,4,64,4.5,14990,black
1669,SAMSUNG,4,64,4.3,15990,blue
1672,SAMSUNG,4,64,4.4,14455,blue
1674,SAMSUNG,8,128,4.3,29998,black
1675,SAMSUNG,4,32,4.3,17962,black
1676,SAMSUNG,4,32,4.3,17962,black
1680,SAMSUNG,8,128,4.3,30990,black
1681,SAMSUNG,6,128,3.9,17999,blue
1682,SAMSUNG,4,64,4.3,14000,black
1683,SAMSUNG,4,64,4.3,13600,blue
1685,SAMSUNG,12,256,3.0,189999,bronze
1688,SAMSUNG,12,128,4.2,103000,gray
1690,SAMSUNG,12,256,4.5,116000,black
1691,SAMSUNG,8,512,4.6,59999,blue
1695,SAMSUNG,6,128,4.1,19999,blue
1697,SAMSUNG,6,64,4.4,24000,white
1699,SAMSUNG,6,64,4.4,21990,blue
1704,SAMSUNG,8,512,4.6,91900,black
1706,SAMSUNG,4,64,4.3,16990,blue
1707,SAMSUNG,4,64,4.4,18000,blue
1709,SAMSUNG,8,128,4.4,27999,black
1710,SAMSUNG,4,64,4.3,23748,black
1716,SAMSUNG,4,32,4.3,17889,gold
1723,SAMSUNG,12,256,4.5,128999,black
1728,SAMSUNG,4,64,4.4,17500,black
1733,SAMSUNG,4,64,4.4,18990,blue
1735,SAMSUNG,4,64,4.4,21990,black
1736,SAMSUNG,4,64,4.3,13600,red
1739,SAMSUNG,4,64,4.5,17108,blue
1740,SAMSUNG,6,64,4.2,29990,gold
1742,SAMSUNG,4,64,4.4,19500,gold
1744,SAMSUNG,4,64,4.4,19500,black
1746,SAMSUNG,8,128,4.4,22999,blue
1747,SAMSUNG,6,128,4.3,23999,blue
1749,SAMSUNG,4,64,4.2,11499,blue
1751,SAMSUNG,8,128,4.2,22450,violet
1752,SAMSUNG,8,128,4.3,31999,blue
1753,SAMSUNG,6,128,4.3,20999,blue
1754,SAMSUNG,8,128,4.4,33450,gold
1755,SAMSUNG,6,128,4.3,20999,green
1756,SAMSUNG,6,64,4.3,19999,blue
1757,SAMSUNG,8,128,4.24309764309762,24998,blue
1758,SAMSUNG,4,64,4.1,10490,red
1759,SAMSUNG,8,128,4.4,31999,black
1760,SAMSUNG,8,128,4.24309764309762,24999,black
1761,SAMSUNG,8,128,4.3,41999,violet
1762,SAMSUNG,6,128,4.3,20999,black
1764,SAMSUNG,6,128,4.4,18200,black
1765,SAMSUNG,8,128,4.3,41999,blue
1766,SAMSUNG,4,64,4.3,14990,white
1768,SAMSUNG,6,128,4.3,38999,violet
1769,SAMSUNG,6,128,4.3,22499,violet
1770,SAMSUNG,8,256,4.3,43999,blue
1771,SAMSUNG,6,128,4.1,14300,blue
1772,SAMSUNG,4,128,4.2,14999,blue
1773,SAMSUNG,6,128,4.3,25999,silver
1775,SAMSUNG,4,64,4.1,11499,black
1778,SAMSUNG,4,128,4.2,14999,black
1779,SAMSUNG,8,128,4.4,100999,black
1782,SAMSUNG,8,128,4.3,31999,grey
1783,SAMSUNG,6,128,4.3,25999,black
1784,SAMSUNG,12,256,3.0,189999,black
1785,SAMSUNG,6,128,4.4,19990,black
1786,SAMSUNG,8,256,4.3,87999,gray
1787,SAMSUNG,4,128,4.2,14999,white
1788,SAMSUNG,8,128,4.3,45000,glow
1789,SAMSUNG,6,128,4.3,21450,black
1790,SAMSUNG,6,128,4.4,24600,blue
1791,SAMSUNG,4,64,4.4,19990,black
1792,SAMSUNG,8,128,4.3,25900,gray
1796,SAMSUNG,8,128,4.4,83000,blue
1799,SAMSUNG,6,128,4.3,16800,black
1802,SAMSUNG,4,64,4.2,11499,white
1807,SAMSUNG,8,128,4.3,31999,green
1808,SAMSUNG,8,128,4.3,29999,white
1811,SAMSUNG,8,512,4.6,49999,black
1813,SAMSUNG,6,128,4.1,16999,black
1815,SAMSUNG,8,128,4.3,83999,violet
1816,SAMSUNG,6,128,4.3,25999,blue
1817,SAMSUNG,4,64,4.4,62500,black
1822,SAMSUNG,4,64,4.3,13760,blue
1826,SAMSUNG,8,128,4.4,34999,blue
1828,SAMSUNG,4,64,4.4,18000,red
1830,SAMSUNG,8,128,4.3,39000,blue
1831,SAMSUNG,6,128,4.3,30900,blue
1834,SAMSUNG,4,64,4.3,11999,blue
1835,SAMSUNG,4,64,4.3,14900,green
1836,SAMSUNG,4,64,4.4,18000,white
1838,SAMSUNG,4,64,4.3,17600,blue
1840,SAMSUNG,8,128,4.3,29999,silver
1841,SAMSUNG,4,32,3.9,46900,sapphire
1843,SAMSUNG,4,128,4.3,24900,white
1844,SAMSUNG,6,128,4.6,73990,blue
1845,SAMSUNG,6,128,4.6,73600,copper
1846,SAMSUNG,8,128,4.6,71000,white
1848,SAMSUNG,6,128,4.3,26900,white
1849,SAMSUNG,6,64,4.3,18699,blue
1852,SAMSUNG,4,32,4.3,26900,white
1855,SAMSUNG,8,128,4.4,100999,violet
1856,SAMSUNG,8,256,4.4,104999,violet
1858,SAMSUNG,6,128,4.6,73600,purple
1860,SAMSUNG,4,32,4.3,17990,blue
1861,SAMSUNG,6,128,4.1,24999,violet
1862,SAMSUNG,6,128,4.3,26900,black
1863,SAMSUNG,8,256,4.3,87999,violet
1864,SAMSUNG,8,128,4.4,34999,silver
1867,SAMSUNG,6,128,4.3,21540,gray
1869,SAMSUNG,6,128,4.3,31000,black
1870,SAMSUNG,12,512,4.6,95000,black
1871,SAMSUNG,8,128,4.4,31999,violet
1872,SAMSUNG,8,512,4.5,51000,blue
1873,SAMSUNG,4,64,4.3,18900,white
1875,SAMSUNG,4,64,4.6,49990,red
1876,SAMSUNG,4,32,3.9,56999,silver
1879,SAMSUNG,8,256,4.3,43999,violet
1881,SAMSUNG,8,128,4.4,29899,white
1883,SAMSUNG,8,128,4.3,74000,pink
1885,SAMSUNG,6,128,4.4,36000,blue
1887,SAMSUNG,4,128,4.4,61900,blue
1888,SAMSUNG,8,256,4.24309764309762,66000,black
1891,SAMSUNG,6,64,4.5,70000,red
1893,SAMSUNG,6,128,4.3,25999,white
1894,SAMSUNG,6,128,4.3,43000,red
1896,SAMSUNG,8,128,4.3,33100,black
1898,SAMSUNG,8,128,4.3,83999,white
1899,SAMSUNG,6,128,4.5,68900,black
1901,SAMSUNG,6,128,4.3,30499,violet
1904,SAMSUNG,4,128,4.4,61900,black
1905,SAMSUNG,6,64,4.5,70000,blue
1906,SAMSUNG,6,64,4.6,49999,grey
1910,SAMSUNG,8,128,4.6,59900,blue
1912,SAMSUNG,4,128,4.3,16999,white
1913,SAMSUNG,6,128,4.5,68900,purple
1914,SAMSUNG,4,64,4.4,19990,blue
1915,SAMSUNG,4,32,4.1,46300,titanium
1923,SAMSUNG,6,128,4.3,19499,mint
1924,SAMSUNG,8,256,4.4,104999,black
1926,SAMSUNG,4,32,4.1,46300,platinum
1929,SAMSUNG,4,32,4.1,46300,sapphire
1931,SAMSUNG,6,128,4.3,31000,white
1933,SAMSUNG,6,128,4.4,24600,black
1934,SAMSUNG,6,128,4.3,31000,red
1935,SAMSUNG,8,128,4.3,45000,red
1938,SAMSUNG,4,32,3.9,38900,titanium
1939,SAMSUNG,8,128,4.6,59900,white
1943,SAMSUNG,6,64,4.5,70000,purple
1948,SAMSUNG,4,128,4.4,39900,purple
1949,SAMSUNG,6,64,4.5,70000,blue
1951,SAMSUNG,6,128,4.5,68900,blue
1955,SAMSUNG,4,64,4.3,21000,white
1957,SAMSUNG,4,64,4.3,17600,black
1958,SAMSUNG,6,128,4.5,68900,gold
1960,SAMSUNG,8,128,4.5,43999,black
1961,SAMSUNG,4,64,4.4,62500,purple
1963,SAMSUNG,6,128,4.6,73600,white
1969,SAMSUNG,4,64,4.4,62500,blue
1971,SAMSUNG,8,256,4.5,75000,black
1972,SAMSUNG,4,128,4.3,19900,violet
1975,SAMSUNG,12,256,4.6,85000,black
1981,SAMSUNG,8,256,4.5,75000,red
1982,SAMSUNG,6,128,4.5,59000,white
1985,SAMSUNG,4,32,4.3,22900,black
1986,SAMSUNG,4,32,4.4,41900,coral
1988,SAMSUNG,8,512,4.6,93000,copper
1989,SAMSUNG,12,256,4.6,85000,white
1991,SAMSUNG,4,32,4.4,41900,titanium
1992,SAMSUNG,4,128,4.3,15999,green
1993,SAMSUNG,6,64,4.3,37990,black
1994,SAMSUNG,8,256,4.4,104999,silver
1995,SAMSUNG,8,256,4.3,87999,white
1996,SAMSUNG,6,128,4.5,59000,black
1997,SAMSUNG,12,256,4.6,85000,glow
1999,SAMSUNG,8,128,4.3,45000,black
2000,SAMSUNG,6,128,4.4,18439,blue
2001,SAMSUNG,8,128,4.5,43999,white
2004,SAMSUNG,4,64,4.4,26600,blue
2005,SAMSUNG,4,32,4.4,41900,onyx
2006,SAMSUNG,4,64,4.3,15500,blue
2007,SAMSUNG,4,64,4.4,26600,gold
2008,SAMSUNG,4,128,4.3,16590,blue
2010,SAMSUNG,6,128,4.2,15499,blue
2012,SAMSUNG,4,64,4.3,12250,black
2014,SAMSUNG,8,256,4.3,43999,white
2015,SAMSUNG,8,128,4.0,65999,mint
2017,SAMSUNG,4,32,4.3,22000,gold
2018,SAMSUNG,4,64,4.3,18900,violet
2019,SAMSUNG,12,512,4.6,95000,glow
2020,SAMSUNG,8,256,4.5,75000,glow
2022,SAMSUNG,8,128,4.3,52905,gray
2023,SAMSUNG,8,128,4.0,65999,lavender
2024,SAMSUNG,8,128,4.3,41999,white
2028,SAMSUNG,6,128,4.3,17194,blue
2029,SAMSUNG,4,64,4.3,21000,black
2030,SAMSUNG,8,128,4.0,65999,red
2031,SAMSUNG,6,128,4.2,15499,black
2034,SAMSUNG,8,128,4.4,100999,silver
2037,SAMSUNG,8,128,4.6,71000,blue
2038,SAMSUNG,8,128,4.6,71000,black
2041,SAMSUNG,8,128,4.4,29899,black
2044,SAMSUNG,6,128,4.2,15990,blue
2045,SAMSUNG,4,64,4.4,16490,black
2046,SAMSUNG,8,128,4.3,83999,gray
2048,SAMSUNG,6,128,4.3,17259,blue
2049,SAMSUNG,4,128,4.3,17999,black
2054,SAMSUNG,6,128,4.3,43000,glow
2055,SAMSUNG,4,64,4.4,22300,gold
2056,SAMSUNG,8,256,4.3,43999,black
2057,SAMSUNG,4,64,4.3,14900,blue
2058,SAMSUNG,12,256,4.24309764309762,169999,black
2059,SAMSUNG,4,32,3.9,30495,sapphire
2060,SAMSUNG,12,256,4.5,128999,silver
2066,SAMSUNG,6,128,4.3,26900,violet
2067,SAMSUNG,6,64,4.4,24000,black
2068,SAMSUNG,6,128,4.1,16999,white
2069,SAMSUNG,8,128,4.4,83000,black
2070,SAMSUNG,4,32,3.9,29990,titanium
2071,SAMSUNG,4,64,3.9,49990,titanium
2072,SAMSUNG,4,32,4.3,22990,black
2074,SAMSUNG,4,32,3.9,29990,platinum
2078,SAMSUNG,6,128,4.1,24999,white
2079,SAMSUNG,4,64,4.3,18900,black
2085,SAMSUNG,8,128,4.6,79000,black
2086,SAMSUNG,4,256,4.4,65900,black
2087,SAMSUNG,6,128,4.6,48669,black
2088,SAMSUNG,4,64,4.3,15500,black
2091,SAMSUNG,4,128,4.3,19900,white
2094,SAMSUNG,8,128,4.4,34999,black
2095,SAMSUNG,8,128,4.5,43999,blue
2097,SAMSUNG,6,64,4.6,74000,gold
2098,SAMSUNG,6,64,4.3,18990,white
2101,SAMSUNG,4,32,4.4,45500,titanium
2102,SAMSUNG,4,32,4.4,52000,platinum
2112,SAMSUNG,6,128,4.3,15990,blue
2113,SAMSUNG,8,128,4.3,49980,blue
2115,SAMSUNG,6,64,4.2,34000,black
2116,SAMSUNG,4,32,4.3,19980,gold
2117,SAMSUNG,6,128,4.3,30499,white
2120,SAMSUNG,8,128,4.4,31999,white
2122,SAMSUNG,6,128,4.3,19590,black
2127,SAMSUNG,6,128,4.1,15990,blue
2133,SAMSUNG,4,64,4.3,14990,black
2135,SAMSUNG,12,128,4.2,70999,black
2141,SAMSUNG,4,64,4.3,21000,blue
2142,SAMSUNG,4,32,4.1,39899,platinum
2143,SAMSUNG,4,64,4.4,22300,black
2145,SAMSUNG,4,256,4.24309764309762,1662,black
2146,SAMSUNG,6,128,4.1,15490,orange
2151,SAMSUNG,6,64,4.6,74000,black
2155,SAMSUNG,4,32,4.4,41900,platinum
2159,SAMSUNG,6,64,4.3,16000,blue
2171,SAMSUNG,4,32,4.4,24999,onyx
2175,SAMSUNG,4,128,4.3,36900,pearl
2176,SAMSUNG,4,32,4.2,34999,titanium
2177,SAMSUNG,4,32,4.2,61988,platinum
2178,SAMSUNG,4,32,4.4,36900,gold
2198,Lenovo,4,64,4.1,8499,gold
2199,Lenovo,4,64,4.1,12999,black
2200,Lenovo,4,64,3.8,19999,black
2201,Lenovo,4,64,3.9,9999,black
2202,Lenovo,4,64,3.9,9999,blue
2203,Lenovo,4,64,3.9,9999,blue
2205,Lenovo,4,32,4.1,12499,grey
2209,Lenovo,4,64,4.1,13499,gold
2216,Lenovo,4,64,4.1,16999,black
2225,Lenovo,4,32,4.0,9150,grey
2226,Lenovo,4,32,4.0,8999,grey
2232,Lenovo,4,32,4.0,7490,gold
2235,Lenovo,4,64,3.8,19999,white
2237,Lenovo,4,64,4.1,13999,black
2246,Lenovo,4,64,4.1,11999,gold
2251,Lenovo,4,64,4.1,13999,sprite
2252,Lenovo,4,32,4.1,11999,gold
2253,Lenovo,4,32,4.1,12499,silver
2254,Lenovo,4,32,4.3,17999,gold
2255,Lenovo,4,32,4.3,17999,grey
2257,Lenovo,6,128,4.1,18999,black
2258,Lenovo,4,32,4.1,11999,black
2274,Lenovo,4,64,4.1,11999,black
2275,Lenovo,4,64,4.1,11999,black
2276,Lenovo,4,32,4.0,7599,silver
2293,Lenovo,4,32,4.0,7999,grey/black
2298,Motorola,4,64,4.1,11999,blue
2299,Motorola,8,128,4.24309764309762,25999,teal
2300,Motorola,4,64,4.1,12999,grey
2301,Motorola,6,128,4.2,21999,champagne
2302,Motorola,6,128,4.3,19999,gray
2303,Motorola,4,64,4.1,11999,red
2304,Motorola,4,64,4.3,16999,gray
2305,Motorola,8,128,4.24309764309762,25999,graphite
2306,Motorola,6,128,4.2,21999,gray
2307,Motorola,6,128,4.3,19999,champagne
2308,Motorola,4,64,4.3,16999,champagne
2309,Motorola,4,64,4.1,12999,blue
2311,Motorola,8,128,4.4,34999,emerald
2312,Motorola,4,64,4.3,9999,blue
2313,Motorola,6,128,3.9,24999,teal
2315,Motorola,6,128,3.9,24999,graphite
2316,Motorola,8,256,4.0,149999,graphite
2318,Motorola,6,128,3.8,149999,black
2320,Motorola,8,128,4.4,34999,pearl
2322,Motorola,4,64,4.2,20000,black
2323,Motorola,4,64,3.9,12999,gold
2324,Motorola,4,128,4.2,22999,gradient
2325,Motorola,4,64,4.1,14999,pearl
2326,Motorola,6,128,4.2,24999,grey
2327,Motorola,4,64,4.1,15999,violet
2330,Motorola,4,64,4.1,14999,sky
2331,Motorola,6,128,4.4,19999,white
2333,Motorola,4,64,4.2,14999,blue
2334,Motorola,4,64,4.2,12999,blue
2335,Motorola,6,128,4.4,19999,blue
2336,Motorola,6,128,4.2,24999,silver
2337,Motorola,4,128,4.2,16999,blue
2339,Motorola,4,64,4.3,9999,blue
2340,Motorola,4,64,4.1,9999,graphite
2344,Motorola,4,64,4.2,14999,green
2345,Motorola,12,256,4.1,89999,sangria
2346,Motorola,6,128,3.8,149999,gold
2348,Motorola,4,64,4.3,11999,violet
2349,Motorola,4,32,4.1,7350,gray
2351,Motorola,4,64,4.3,18999,black
2352,Motorola,4,64,4.3,18999,white
2353,Motorola,6,64,4.3,24999,blue
2354,Motorola,4,64,4.1,9999,cranberry
2355,Motorola,4,64,4.3,11999,blue
2356,Motorola,4,32,4.1,9869,blue
2357,Motorola,4,64,4.1,14999,black
2358,Motorola,4,64,4.4,27999,gold
2359,Motorola,4,64,4.4,27999,gray
2360,Motorola,4,64,4.3,18999,black
2361,Motorola,4,64,4.1,14999,white
2363,Motorola,4,64,4.3,23999,blue
2364,Motorola,4,64,4.3,15999,blue
2366,Motorola,4,128,4.2,22999,gradient
2367,Motorola,4,128,4.2,22999,gradient
2370,Motorola,6,64,4.3,11829,black
2372,Motorola,4,64,4.3,15999,black
2377,Motorola,4,64,4.3,15999,pink
2379,Motorola,4,64,4.2,12999,orange
2380,Motorola,4,64,4.1,9999,blue
2381,Motorola,4,64,4.1,15999,sage
2388,Motorola,6,64,4.3,24999,black
2389,Motorola,6,64,4.1,44999,black
2391,Motorola,4,32,4.1,14999,gold
2393,Motorola,4,64,4.3,23999,black
2399,Motorola,4,64,3.9,9999,grey
2400,Motorola,4,128,4.2,16999,white
2402,Motorola,4,64,3.9,10910,silver
2405,POCO,8,128,4.4,25999,black
2406,POCO,8,128,4.4,25999,blue
2407,POCO,6,128,4.4,23999,black
2408,POCO,6,128,4.4,23999,blue
2409,POCO,6,128,4.2,17999,blue
2410,POCO,6,128,4.2,17999,yellow
2411,POCO,6,64,4.3,12999,blue
2412,POCO,6,64,4.3,12999,black
2413,POCO,6,64,4.3,12999,yellow
2414,POCO,4,64,4.3,11999,grey
2415,POCO,4,64,4.3,11999,blue
2416,POCO,4,64,4.3,11999,blue
2417,POCO,4,64,4.3,11999,black
2418,POCO,4,64,4.3,11999,yellow
2419,POCO,4,64,4.3,10999,blue
2420,POCO,4,64,4.3,10999,green
2421,POCO,4,64,4.3,10999,black
2425,vivo,6,128,4.3,13400,black
2427,vivo,8,256,4.4,54990,blue
2431,vivo,6,64,4.4,44990,dream
2434,vivo,6,128,4.3,32990,glow
2436,vivo,4,64,4.4,35990,black
2437,vivo,4,64,4.24309764309762,34990,blue
2438,vivo,6,128,4.3,34990,black
2442,vivo,6,64,4.4,34990,black
2445,vivo,4,64,4.4,23990,black
2446,vivo,4,32,4.4,27990,blue
2447,vivo,4,32,4.4,22654,blue
2448,vivo,8,128,4.4,21990,gray
2449,vivo,4,128,4.4,32990,gray
2450,vivo,4,128,4.4,20600,white
2451,vivo,6,64,4.5,24990,pearl
2452,vivo,4,64,4.4,24990,magic
2453,vivo,4,32,4.4,22990,symphony
2454,vivo,4,32,4.4,22990,blue
2458,vivo,4,64,4.4,20990,red
2459,vivo,6,64,4.5,16989,blue
2460,vivo,4,64,4.4,16490,black
2461,vivo,6,128,4.5,15990,blue
2462,vivo,4,64,4.5,15990,blue
2463,vivo,12,256,4.4,15900,black
2464,vivo,12,256,4.4,19490,melody
2465,vivo,8,256,4.5,19490,dazzle
2466,vivo,12,256,4.4,14990,dazzle
2467,vivo,12,256,4.4,14990,blue
2468,vivo,8,256,4.3,14990,white
2469,vivo,8,256,4.3,14990,blue
2470,vivo,8,128,4.4,14990,black
2471,vivo,8,128,4.3,14500,rainbow
2472,vivo,8,256,4.3,13995,black
2473,vivo,8,256,4.3,13990,blue
2474,vivo,8,128,4.4,18990,black
2475,vivo,8,128,4.3,16990,black
2476,vivo,8,128,4.3,13990,black
2477,vivo,8,128,4.4,13990,blue
2478,vivo,8,128,4.3,12900,green
2479,vivo,8,128,4.3,15490,melody
2480,vivo,4,128,4.3,10990,jazz
2482,Xiaomi,8,256,4.2,59999,green
2483,Xiaomi,8,256,4.2,45871,grey
2484,Xiaomi,8,128,4.3,24988,blue
2485,Xiaomi,6,128,4.3,24198,blue
2486,Xiaomi,6,128,4.3,24198,black
2487,Xiaomi,8,128,4.3,26989,sunrise
2488,Xiaomi,6,128,4.2,39999,black
2489,Xiaomi,8,128,4.4,42999,black
2490,Xiaomi,6,128,4.3,39999,silver
2491,Xiaomi,8,128,4.2,25999,blue
2492,Xiaomi,6,128,4.2,24999,blue
2493,Xiaomi,6,128,4.2,24999,coral
2494,Xiaomi,8,128,4.3,25999,coral
2495,Xiaomi,8,128,4.2,25999,black
2496,Xiaomi,6,128,4.3,24999,black
2497,Xiaomi,8,128,4.4,26824,silver
2498,Xiaomi,6,128,4.2,25990,silver
2499,Xiaomi,8,128,4.2,26828,black
2500,Xiaomi,6,128,4.4,28700,black
2501,Xiaomi,6,128,4.3,25989,white
2502,Xiaomi,8,128,4.2,31983,white
2503,Xiaomi,8,128,4.5,26758,white
2504,Xiaomi,6,128,4.1,27395,silver
2505,Xiaomi,6,128,4.1,27995,black
2506,Xiaomi,6,128,4.4,28990,white
2507,Xiaomi,8,128,4.2,37490,silver
2508,Xiaomi,8,128,4.4,39999,black
2509,Xiaomi,8,256,4.2,39990,black
2510,Xiaomi,8,256,4.4,38999,white
2511,Xiaomi,6,128,3.8,14949,black
2512,Xiaomi,4,64,4.3,12899,black
2513,Xiaomi,6,128,4.3,14398,gold
2514,Xiaomi,4,64,4.4,12499,gold
2515,Xiaomi,6,128,4.4,14443,red
2516,Xiaomi,4,64,4.4,11948,red
2517,Xiaomi,4,64,4.3,14990,grey
2518,Xiaomi,4,64,4.4,14990,white
2519,Xiaomi,4,64,4.24309764309762,14989,blue
2520,Xiaomi,4,64,4.4,13990,black
2524,Xiaomi,4,64,4.2,10990,gold
2527,Xiaomi,4,64,4.5,12999,gold
2528,Xiaomi,4,64,4.4,11999,blue
2530,Xiaomi,4,64,4.4,12990,red
2538,Xiaomi,4,64,4.3,10999,black
2539,Xiaomi,4,64,4.5,10999,red
2540,Xiaomi,4,64,4.3,10999,blue
2549,Xiaomi,4,64,4.2,10129,black
2550,Xiaomi,4,128,4.4,11990,blue
2551,Xiaomi,4,64,4.4,10121,blue
2552,Xiaomi,4,64,4.4,10760,orange
2553,Xiaomi,6,128,4.2,16999,blue
2554,Xiaomi,4,64,4.4,13999,blue
2555,Xiaomi,4,64,4.2,13999,green
2556,Xiaomi,6,128,4.1,16999,red
2557,Xiaomi,4,64,4.4,13999,black
2558,Xiaomi,4,64,4.4,11999,black
2559,Xiaomi,4,64,4.4,11999,green
2560,Xiaomi,4,64,4.3,11999,blue
2561,Xiaomi,4,128,4.3,13999,flare
2568,Xiaomi,4,64,4.2,9999,black
2569,Xiaomi,4,64,4.5,9999,green
2570,Xiaomi,6,128,4.1,18429,black
2571,Xiaomi,6,64,3.8,22999,black
2572,Xiaomi,6,128,4.5,21349,red
2573,Xiaomi,6,64,4.5,21999,white
2574,Xiaomi,6,128,4.5,28999,black
2575,Xiaomi,8,256,4.4,29999,black
2576,Xiaomi,6,128,4.4,28999,blue
2577,Xiaomi,6,128,4.4,19799,nebula
2578,Xiaomi,6,128,4.3,19618,night
2579,Xiaomi,6,128,4.4,17765,purple
2580,Xiaomi,6,128,4.3,18950,blue
2582,Xiaomi,4,64,4.5,9999,black
2585,Xiaomi,4,64,4.3,11499,black
2586,Xiaomi,4,64,4.4,11499,gold
2588,Xiaomi,4,64,4.4,14999,blue
2589,Xiaomi,6,64,4.2,16999,gold
2590,Xiaomi,4,64,4.5,14999,gold
2591,Xiaomi,6,64,4.1,14999,black
2592,Xiaomi,4,64,4.4,12349,black
2593,Xiaomi,4,64,4.4,12999,blue
2594,Xiaomi,6,64,4.5,14990,blue
2595,Xiaomi,6,64,4.5,17999,red
2596,Xiaomi,4,64,4.4,12499,red
2597,Xiaomi,4,64,4.4,15990,gold
2598,Xiaomi,6,64,4.3,14999,gold
2600,Xiaomi,4,64,4.3,12690,black
2602,Xiaomi,4,64,4.1,14399,red
2604,Xiaomi,4,64,4.5,14899,blue
2605,Xiaomi,6,128,4.5,15990,white
2606,Xiaomi,6,64,4.5,14990,white
2607,Xiaomi,4,64,4.3,14999,red
2608,Xiaomi,6,128,3.8,16399,blue
2609,Xiaomi,6,64,4.3,16999,blue
2610,Xiaomi,6,128,4.1,17999,black
2611,Xiaomi,4,64,4.5,14500,black
2612,Xiaomi,6,64,4.5,15999,black
2613,Xiaomi,4,64,4.4,13999,white
2614,Xiaomi,4,64,4.4,13900,black
2615,Xiaomi,4,64,4.2,13900,red
2616,Xiaomi,4,64,4.3,13500,blue
2617,Xiaomi,4,64,4.3,12999,purple
2618,Xiaomi,4,64,4.4,12999,blue
2619,Xiaomi,4,64,2.3,11999,black
2620,Xiaomi,4,64,4.24309764309762,14999,green
2621,Xiaomi,4,64,4.3,14999,white
2622,Xiaomi,4,64,4.4,14999,grey
2623,Xiaomi,4,64,4.24309764309762,14999,black
2624,Xiaomi,4,64,4.3,16999,blue
2625,Xiaomi,4,128,4.5,15998,gold
2626,Xiaomi,6,128,4.3,18999,gold
2627,Xiaomi,4,64,4.3,14999,gold
2628,Xiaomi,4,64,4.3,16999,white
2629,Xiaomi,4,128,4.24309764309762,17990,black
2632,Xiaomi,4,64,4.3,10999,black
2634,Xiaomi,4,64,4.3,10999,blue
2636,Xiaomi,4,64,4.3,10888,grey
2638,Xiaomi,4,64,4.3,10999,gold
2640,Xiaomi,4,64,4.24309764309762,10999,gold
2641,Xiaomi,4,64,4.3,13999,red
2643,Xiaomi,4,64,4.2,12999,blue
2645,Xiaomi,4,64,4.3,13999,black
2646,HTC,6,128,4.6,53990,red
2647,HTC,4,64,4.0,62990,black
2648,HTC,4,64,4.0,62990,blue
2649,HTC,6,128,4.6,53990,black
2650,HTC,6,128,4.6,53990,silver
2651,HTC,6,128,4.6,53990,blue
2653,HTC,4,32,4.2,47990,grey
2654,HTC,4,32,4.2,56690,gold
2698,OPPO,4,64,4.3,15490,green
2699,OPPO,4,64,4.3,18990,blue
2700,OPPO,6,128,3.8,20990,blue
2701,OPPO,6,128,3.8,20990,black
2702,OPPO,4,64,4.3,15490,black
2703,POCO,8,128,4.3,34999,black
2704,POCO,6,128,4.3,32999,black
2705,POCO,8,256,4.3,36999,black
2706,POCO,8,128,4.3,34999,silver
2707,POCO,6,128,4.2,17999,black
2708,POCO,6,128,4.5,24999,black
2709,POCO,6,256,4.5,28999,black
2710,POCO,8,256,4.5,30999,edition
2711,POCO,6,64,4.5,21999,blue
2712,POCO,6,128,4.24309764309762,24999,blue
2713,POCO,6,128,4.3,32999,silver
2714,POCO,6,64,4.4,17999,black
2715,POCO,4,64,4.3,16999,greener
2716,POCO,6,64,4.3,16999,greener
2717,POCO,6,128,4.4,19999,blue
2718,POCO,4,64,4.4,17999,black
2719,POCO,6,64,4.4,19999,blue
2720,POCO,4,64,4.4,16999,blue
2721,POCO,6,128,4.3,19999,greener
2722,POCO,6,128,4.4,14999,blue
2723,POCO,6,128,4.4,14999,black
2724,POCO,6,128,4.4,14999,red
2725,POCO,6,64,4.4,12999,red
2726,POCO,6,64,4.5,18999,blue
2727,POCO,6,128,4.5,19999,blue
2728,POCO,6,128,4.5,19999,purple
2729,POCO,8,256,4.5,22999,purple
2730,POCO,6,64,4.5,18999,red
2731,POCO,6,128,4.5,19999,purple
2732,POCO,6,128,4.5,19999,red
2733,POCO,8,256,4.5,22999,red
2734,POCO,8,256,4.5,30999,red
2735,POCO,6,128,4.5,24999,red
2736,POCO,6,64,4.5,21999,black
2737,POCO,8,256,4.5,30999,blue
2738,realme,6,128,4.4,17999,blue
2739,realme,6,128,4.4,17999,black
2740,realme,4,64,4.5,15999,blue
2741,realme,4,64,4.5,15999,black
2742,realme,6,128,4.3,29999,blue
2743,realme,8,128,4.4,29999,blue
2744,realme,4,64,4.5,12999,grey
2745,realme,4,64,4.5,12999,blue
2746,realme,12,256,4.4,38999,blue
2747,realme,12,256,4.4,38999,black
2748,realme,8,128,4.4,34999,blue
2749,realme,8,128,4.4,34999,black
2750,realme,4,128,4.5,13999,grey
2751,realme,8,256,4.3,29999,grey
2752,realme,8,128,4.4,29999,silver
2753,realme,12,256,4.3,32999,grey
2754,realme,12,256,4.3,32999,black
2755,realme,8,128,4.3,29999,black
2756,realme,8,128,4.3,29999,grey
2757,realme,12,256,4.4,32999,silver
2758,SAMSUNG,8,128,4.3,40999,mint
2759,SAMSUNG,12,256,4.4,171999,green
2760,SAMSUNG,12,256,4.4,171999,silver
2761,SAMSUNG,6,128,4.1,23999,black
2762,SAMSUNG,8,128,4.1,25999,black
2763,SAMSUNG,8,128,4.1,25999,aqua
2764,SAMSUNG,6,128,4.1,23999,aqua
2765,vivo,4,64,4.1,14449,blue
2766,vivo,8,128,3.9,22990,dream
2767,vivo,8,128,4.9,22990,black
2768,vivo,4,128,4.1,19990,blue
2769,vivo,4,128,4.1,19990,white
2770,vivo,12,256,4.4,37990,gold
2771,vivo,8,128,4.4,34990,black
2772,vivo,8,128,4.4,34990,gold
2773,vivo,12,256,4.4,37990,black
2774,vivo,8,128,4.3,41990,black
2775,vivo,12,256,4.1,45990,black
2776,vivo,12,256,4.1,45990,gold
2777,vivo,8,128,4.3,32990,spark
2778,vivo,6,64,4.3,19490,black
2779,vivo,6,64,4.3,15490,blue
2780,vivo,12,256,4.5,84990,black
2781,vivo,8,256,4.5,54990,dawn
2782,vivo,12,256,4.5,57990,black
2783,vivo,8,128,4.5,51990,dawn
2784,vivo,12,256,4.4,54990,black
2785,vivo,12,256,5.0,48780,blue
2786,vivo,8,256,4.5,54990,grey
2787,vivo,8,256,5.0,44990,blue
2790,vivo,4,64,4.4,13990,blue
2791,vivo,6,64,4.4,20990,blue
2792,vivo,6,64,4.5,19990,blue
2793,vivo,6,64,5.0,19990,purple
2794,vivo,4,128,4.4,19990,blue
2795,vivo,4,128,5.0,19990,black
2796,vivo,4,64,4.5,15990,black
2797,vivo,6,64,4.5,17990,blue
2798,vivo,4,64,4.5,15990,black
2799,vivo,8,128,4.3,39990,blue
2800,vivo,6,128,4.4,22990,black
2803,vivo,4,32,4.4,15990,purple
2804,vivo,4,32,4.4,17000,black
2805,vivo,4,64,4.4,18990,black
2806,vivo,4,32,4.4,15990,gold
2807,vivo,4,64,4.5,23990,blue
2808,vivo,6,128,4.3,36900,black
2809,vivo,4,32,4.4,19990,black
2810,vivo,4,64,4.5,20990,gold
2811,vivo,4,64,4.4,22221,gold
2813,vivo,4,64,4.4,20000,purple
2814,vivo,4,64,4.4,14500,purple
2815,vivo,6,64,4.5,25990,gold
2816,vivo,4,64,4.4,15900,black
2819,vivo,4,64,4.5,18990,black
2820,vivo,4,32,4.4,17990,gold
2821,vivo,4,32,4.4,15990,blue
2823,Xiaomi,8,256,4.3,42999,magic
2825,Xiaomi,6,128,4.3,29999,black
2826,Xiaomi,8,128,4.3,33999,black
2827,Xiaomi,6,128,4.3,29999,mist
2828,Xiaomi,6,128,4.2,31999,mist
2829,Xiaomi,6,128,4.2,31999,black
2830,Xiaomi,8,128,4.3,33999,pearl
2831,Xiaomi,6,128,4.3,29999,pearl
2832,Xiaomi,8,128,4.3,33999,mist
2833,Xiaomi,6,128,4.2,31999,green
2834,Xiaomi,6,64,4.3,18999,black
2835,Xiaomi,8,128,4.3,22999,blue
2838,Xiaomi,6,128,4.2,18990,blue
2839,Xiaomi,6,64,4.2,18990,white
2840,Xiaomi,8,128,4.3,22189,black
2842,Xiaomi,4,64,4.3,15998,white
2843,Xiaomi,4,128,4.3,14990,white
2845,Xiaomi,8,128,4.4,27999,dazzle
2846,Xiaomi,6,128,4.3,23990,blue
2847,Xiaomi,6,128,4.3,25990,black
2848,Xiaomi,8,128,4.3,25684,blue
2849,Xiaomi,6,128,4.4,24798,dazzle
2850,Xiaomi,6,128,4.4,28999,coral
2853,Xiaomi,8,128,4.4,23999,coral
2858,Infinix,4,64,4.3,13999,black
2859,Infinix,4,64,4.3,13999,wave
2860,Infinix,4,64,4.4,11999,wave
2861,Infinix,4,64,4.4,11999,green
2862,Infinix,6,64,4.3,13999,green
2867,Infinix,6,128,4.5,16999,black
2872,Infinix,4,128,4.3,14999,black
2873,Infinix,4,128,4.3,14999,wave
2874,Infinix,4,128,4.3,14999,wave
2875,Infinix,4,64,4.3,12999,green
2876,Infinix,4,64,4.3,14999,snow
2877,Infinix,6,128,4.5,16999,snow
2878,Infinix,6,64,4.3,16999,cyan
2879,Infinix,6,64,4.3,16999,green
2880,Infinix,6,128,4.5,16999,green
2881,Infinix,8,256,4.2,19999,black
2882,Infinix,8,128,4.3,18999,green
2883,Infinix,4,64,4.3,14999,green
2884,Infinix,6,64,4.3,16999,grey
2885,Infinix,4,64,4.3,14999,black
2886,Infinix,8,128,4.3,18999,cyan
2887,Infinix,8,256,4.2,19999,secret
2888,Infinix,8,128,4.3,18999,grey
2894,Infinix,4,64,4.2,12999,blue
2895,Infinix,4,64,4.5,9999,purple
2897,Infinix,4,64,4.4,12999,blue
2899,Infinix,4,64,4.5,9999,cyan
2900,Infinix,6,64,4.3,13999,ocean
2901,Infinix,4,64,4.4,11999,green
2902,Infinix,4,64,4.3,13999,wave
2903,Infinix,4,64,4.3,12999,ocean
2907,Infinix,4,64,4.3,14999,green
2908,Infinix,8,128,4.2,18999,diamond
2909,Infinix,4,64,4.4,12999,green
2910,Infinix,4,64,4.4,12999,violet
2912,Infinix,4,64,4.3,10999,blue
2913,Infinix,4,64,4.3,10999,green
2914,Infinix,4,64,4.3,10999,black
2915,Infinix,4,64,4.4,11999,purple
2916,Infinix,4,64,4.4,11999,black
2917,Infinix,6,64,4.3,13999,purple
2918,Infinix,6,64,4.3,13999,black
2919,Infinix,4,64,4.3,12999,black
2921,Infinix,4,64,4.3,12999,purple
2922,Infinix,8,256,4.2,19999,purple
2923,Infinix,4,64,4.4,11999,black
2924,Infinix,4,64,4.4,11999,wave
2925,Infinix,4,64,4.4,11999,jade
2926,Infinix,4,64,4.4,11999,red
2930,Infinix,6,128,4.3,13999,wave
2931,Infinix,4,64,4.2,13999,green
2932,Infinix,4,64,4.4,11999,violet
2933,Infinix,6,128,4.3,13999,black
2934,Infinix,6,128,4.3,13999,jade
2936,Infinix,4,64,4.4,11999,cyan
2937,Infinix,4,64,4.2,13999,black
2938,Infinix,4,64,4.2,13999,purple
2941,Infinix,4,64,4.3,14999,black
2943,Infinix,4,64,4.4,12999,violet
2944,Infinix,6,128,4.2,14999,green
2945,Infinix,6,128,4.2,14999,purple
2946,Infinix,6,128,4.2,14999,black
2947,Infinix,4,64,4.4,12999,cyan
2948,Infinix,4,64,4.4,11999,wave
2957,Infinix,4,64,4.1,11999,gold
2958,Infinix,4,64,4.3,9999,violet
2960,Infinix,4,64,4.5,9999,grey
2963,Infinix,4,64,4.3,9999,cyan
2964,Infinix,4,64,4.3,9999,black
2965,Infinix,4,64,4.2,12999,black
2966,Infinix,4,64,4.1,11999,blue
2967,Infinix,4,64,4.3,10999,violet
2970,Infinix,4,64,3.9,16999,blue
2973,Infinix,4,64,4.4,12999,wave
2974,Infinix,4,64,4.3,10999,cyan
2976,Infinix,4,64,4.2,9999,blue
2980,Infinix,8,128,4.2,18999,diamond
2981,Infinix,4,64,4.2,12999,gray
2982,Infinix,4,64,4.3,10999,purple
2983,Infinix,4,64,4.3,10999,blue
2985,Infinix,4,64,4.3,14999,blue
2986,Infinix,4,64,4.1,11999,black
2987,Infinix,6,128,4.3,19999,black
2990,Infinix,6,64,4.2,10999,black
2991,Infinix,6,64,4.2,10999,blue
2992,Infinix,6,64,4.2,10999,brown
2993,Infinix,4,64,4.2,9999,brown
2994,Infinix,6,64,4.3,17999,black
2995,Infinix,6,64,4.3,17999,gold
2996,Infinix,4,64,4.3,10999,grey
2997,OPPO,12,256,4.2,47990,blue
2998,Xiaomi,8,128,4.3,33999,green
3001,POCO,4,64,4.4,11999,blue
3002,POCO,4,64,4.4,11999,grey
3003,vivo,8,128,4.24309764309762,23990,fantasy
3004,vivo,6,128,4.24309764309762,20990,black
3005,vivo,8,128,4.24309764309762,23990,black
3006,vivo,4,128,4.24309764309762,19990,fantasy
3007,vivo,4,128,4.24309764309762,19990,black
3008,vivo,6,128,4.24309764309762,20990,fantasy
3009,vivo,4,64,4.1,14449,glow
3010,OPPO,8,256,4.24309764309762,37990,black
3011,OPPO,8,256,4.24309764309762,37990,blue
3015,OPPO,4,64,4.3,13490,gold
3016,OPPO,6,128,4.1,17790,green
3017,ASUS,8,128,4.24309764309762,55999,white
3018,ASUS,8,128,4.24309764309762,55999,black
3019,ASUS,12,256,4.24309764309762,63999,white
3020,ASUS,12,256,4.24309764309762,63999,black
3022,Apple,4,512,4.7,109900,green
3023,Apple,4,256,4.7,139900,green
3025,Apple,4,512,4.7,159900,green
3026,Apple,4,512,4.7,149900,green
3027,Apple,4,128,4.6,69900,green
3028,Apple,4,128,4.5,119900,green
3029,Apple,4,512,4.6,99900,green
3031,Apple,4,256,4.7,139900,blue
3032,Apple,4,256,4.7,139900,gold
3033,Apple,4,512,4.7,159900,silver
3034,Apple,4,512,4.7,159900,graphite
3035,Apple,4,128,4.7,129900,silver
3036,Apple,4,128,4.7,129900,gold
3038,Apple,4,128,4.7,129900,graphite
3039,Apple,4,256,4.7,139900,graphite
3040,Apple,4,256,4.7,139900,silver
3041,Apple,4,512,4.7,159900,blue
3042,Apple,4,512,4.7,159900,gold
3045,vivo,8,128,4.3,21990,black
3046,vivo,8,128,4.3,22490,galaxy
3047,realme,6,128,4.8,20999,black
3048,realme,6,128,4.8,20999,white
3049,realme,4,64,4.5,18999,black
3050,realme,4,64,4.5,18999,white
3051,realme,6,128,4.4,21999,green
3052,realme,6,128,4.4,21999,black
3053,realme,8,128,4.4,23999,green
3054,realme,6,128,4.4,27999,black
3055,realme,8,256,4.4,31999,green
3056,realme,6,128,4.4,27999,green
3057,realme,8,128,4.4,29999,black
3058,realme,8,128,4.4,23999,black
3059,realme,8,128,4.5,26999,glow
3060,realme,6,128,4.5,24999,glow
3061,realme,6,128,4.5,24999,glow
3062,realme,8,128,4.5,26999,glow
3063,realme,8,256,4.4,31999,black
3064,realme,8,128,4.4,29999,green
3065,realme,4,128,4.5,14999,green
3066,realme,4,64,4.5,13999,green
3067,realme,4,128,4.5,14999,black
3068,POCO,6,64,4.4,17999,black
3069,POCO,6,64,4.4,17999,blue
3070,POCO,6,128,4.4,19999,blue
3071,POCO,8,128,4.4,21999,black
3072,POCO,8,128,4.4,21999,blue
3073,POCO,6,128,4.4,19999,black
3074,POCO,4,64,4.5,16999,blue
3075,POCO,8,128,4.4,21999,black
3076,POCO,6,128,4.4,19999,yellow
3077,POCO,6,128,4.4,19999,blue
3078,POCO,4,64,4.5,16999,yellow
3079,POCO,8,128,4.4,21999,blue
3080,POCO,4,64,4.5,16999,black
3081,POCO,8,128,4.4,21999,yellow
3082,POCO,6,128,4.4,19999,black
3083,SAMSUNG,8,128,4.3,54990,graphite
3084,SAMSUNG,4,128,4.0,22999,blue
3085,SAMSUNG,6,128,4.0,23999,green
3086,SAMSUNG,6,128,4.0,23999,blue
3087,SAMSUNG,4,128,4.0,22999,green
3090,SAMSUNG,8,128,4.4,23900,blue
3091,SAMSUNG,8,128,4.4,26990,black
3092,SAMSUNG,8,128,4.3,31889,black
3093,SAMSUNG,6,128,4.3,25990,black
3094,SAMSUNG,6,128,4.3,28449,blue
3095,SAMSUNG,8,128,4.3,31489,blue
3096,SAMSUNG,8,128,4.2,22989,black
3097,SAMSUNG,8,128,4.2,22595,blue
